v1,v2,v3,v4,v5,Duration,AnswerChannel,ID,Name_Published,IP,Longitude,Latitude,Country,Province,City,Equipment,OS,Browser,ScreenResolution,v12,Pre_Prefence_Nuts,Group,X,Y3,Y2,Perceived_Valence_Comment,Brand_Attitude_Bandwagon,Post_Preference_Nuts,Y1,Recall_Product,Recall_Preference_Nuts,Recall_Influencer,W1,W2,W3,W4,Recall_Likeness_Influencer,Recall_Likeness_Nuts,Recall_Valence_Comment,Recall_Incentives,Gender,Age,Income,filter_$
wWMRG579,2MdbVBWL,cdm****vSATN,2023-02-09 11:32:59,2023-02-09 11:35:04,125,1,i2AJfe,电商直播影响力研究,221.207.255.197,126.6520214,45.7572300,中国,黑龙江省,哈尔滨市,COMPUTER,Windows,Firefox,1920px*1080px,进入直播室-C主播,5,3,2,6,4,4,6,4,2,3,5,3,1,8,100,95,2,2,2,5,2,4,3,1
K0eyzPMQ,p7YxvzZM,cdm****FBRNC,2023-02-09 10:28:31,2023-02-09 10:32:03,212,1,i2AJfe,电商直播影响力研究,111.79.31.190,115.9191298,28.6745131,中国,江西省,南昌市,COMPUTER,Windows,Chrome,1280px*720px,进入直播室-C主播,6,3,2,6,5,4,6,5,1,3,6,3,1,5,25,13,2,3,2,2,2,4,5,0
VnePPXea,kM1ZO9D7,cdm****hxt26,2023-02-08 23:50:09,2023-02-08 23:52:26,137,1,i2AJfe,电商直播影响力研究,183.242.45.117,116.3974589,39.9388838,中国,北京市,市辖区,COMPUTER,Mac OS X,Safari,1440px*900px,进入直播室-C主播,7,3,3,6,6,3,7,3,2,3,7,3,1,30,60,85,3,2,2,5,2,2,5,1
0ve8lzep,37Ko8Wv7,cdm****WBXD8,2023-02-12 19:12:58,2023-02-12 19:16:10,192,1,i2AJfe,电商直播影响力研究,182.108.81.168,116.0014039,29.7024885,中国,江西省,九江市,COMPUTER,Linux,Chrome,1143px*686px,进入直播室-C主播,6,3,4,3,6,4,5,5,5,3,6,5,2,10,20,15,5,6,2,5,1,3,4,1
w5LwgqLl,xLVl5ApM,cdm****EEySa,2023-02-12 17:46:12,2023-02-12 17:48:32,140,1,i2AJfe,电商直播影响力研究,159.138.61.55,120.3172150,36.0660920,中国,山东省,青岛市,MOBILE,Android,Chrome,360px*800px,进入直播室-C主播,5,3,4,6,5,4,5,4,1,3,5,3,5,60,30,9,4,3,2,5,1,2,5,1
dqM64PLx,9LQlnb47,cdm****sysVZ,2023-02-11 18:48:21,2023-02-11 18:53:14,293,1,i2AJfe,电商直播影响力研究,101.93.246.28,121.4767528,31.2243490,中国,上海市,市辖区,MOBILE,Android,Chrome,360px*800px,进入直播室-C主播,6,3,4,2,6,4,3,6,6,3,6,3,1,6,86,95,4,6,2,5,2,2,4,1
VneP0rea,KLOG4dAL,cdm****c9InV,2023-02-10 19:14:54,2023-02-10 19:19:18,264,1,i2AJfe,电商直播影响力研究,59.35.115.125,116.7571580,23.3649120,中国,广东省,汕头市,MOBILE,Android,WeChat,401px*881px,进入直播室-C主播,5,3,4,3,5,4,5,5,3,3,5,3,2,30,25,20,4,5,2,5,2,2,4,1
a8MZrjM3,WMRlRj5L,cdm****L1GGf,2023-02-10 19:13:58,2023-02-10 19:19:02,304,1,i2AJfe,电商直播影响力研究,122.192.14.160,119.5664590,32.4088850,中国,江苏省,扬州市,MOBILE,iOS,WeChat,390px*844px,进入直播室-C主播,6,3,4,2,6,4,5,6,5,3,6,3,5,20,63,60,4,5,2,5,2,2,3,1
pxMoPR7n,5M2ZxzkM,cdm****Ayuxo,2023-02-10 19:15:05,2023-02-10 19:18:13,188,1,i2AJfe,电商直播影响力研究,106.108.16.54,104.8949350,25.0603760,中国,贵州省,黔西南布依族苗族自治州,MOBILE,Android,WeChat,400px*867px,进入直播室-C主播,6,3,4,3,6,4,6,6,3,3,6,3,1,33,79,58,4,3,2,5,2,2,4,1
wz7AkAeD,9LQlnRv7,cdm****HNpZY,2023-02-10 16:27:33,2023-02-10 16:31:09,216,1,i2AJfe,电商直播影响力研究,121.231.32.123,119.9393911,31.7558433,中国,江苏省,常州市,COMPUTER,Windows,Chrome,1440px*960px,进入直播室-C主播,4,3,4,5,4,4,6,4,2,3,4,3,3,70,85,82,4,4,2,5,2,2,4,1
aBepnw7E,JekbXZBL,cdm****a2rWg,2023-02-10 15:54:12,2023-02-10 15:58:14,242,1,i2AJfe,电商直播影响力研究,27.217.73.105,121.4541793,37.4874638,中国,山东省,烟台市,MOBILE,Android,WeChat,400px*712px,进入直播室-C主播,6,3,4,5,6,4,3,6,6,3,6,3,3,20,60,71,4,5,2,5,2,3,5,1
qVMJkd7n,kMrKqE67,cdm****ul1bS,2023-02-10 13:41:30,2023-02-10 13:49:28,478,1,i2AJfe,电商直播影响力研究,220.190.37.163,120.6827010,27.7786950,中国,浙江省,温州市,MOBILE,Android,WeChat,464px*991px,进入直播室-C主播,5,3,4,6,5,4,6,4,6,3,6,3,2,20,75,73,4,4,2,5,2,2,4,1
Xoe4vq7V,WLGdwnae,cdm****gCs3I,2023-02-10 00:20:20,2023-02-10 00:22:26,126,1,i2AJfe,电商直播影响力研究,180.138.97.93,108.3022220,22.8467120,中国,广西壮族自治区,南宁市,MOBILE,Android,Chrome,360px*800px,进入直播室-C主播,7,3,4,5,7,4,4,7,4,3,7,3,3,51,50,50,4,4,2,2,1,2,4,0
0JekOBez,xLVl5yzM,cdm****4A8g4,2023-02-09 18:53:20,2023-02-09 18:58:00,280,1,i2AJfe,电商直播影响力研究,120.84.10.132,113.1258988,23.0229910,中国,广东省,佛山市,TABLET,iOS,Apple WebKit,375px*667px,进入直播室-C主播,6,3,4,5,6,3,5,5,5,3,6,3,3,0,22,82,4,5,2,4,2,2,3,0
ZG7X5GL3,veE2X29M,驀*渊,2023-02-09 18:51:54,2023-02-09 18:55:25,211,1,i2AJfe,电商直播影响力研究,223.96.134.61,117.5178990,34.5375300,中国,山东省,枣庄市,MOBILE,Android,Chrome,360px*803px,进入直播室-C主播,6,3,4,3,6,2,7,6,4,3,6,3,2,68,57,83,4,3,2,5,2,2,1,1
VKe52KMx,BMDgYAQe,cdm****dVsXf,2023-02-09 11:44:19,2023-02-09 11:49:14,295,1,i2AJfe,电商直播影响力研究,119.184.29.100,116.3020527,37.4510219,中国,山东省,德州市,COMPUTER,Windows,Chrome,1280px*720px,进入直播室-C主播,5,3,4,6,4,4,5,4,3,3,5,3,1,23,34,18,4,4,2,5,2,2,3,1
a8MZ61M3,qM6ZA93M,cdm****cSQyQ,2023-02-08 23:41:04,2023-02-08 23:44:58,234,1,i2AJfe,电商直播影响力研究,112.37.219.175,117.5841410,37.7874660,中国,山东省,滨州市,MOBILE,Android,Chrome,360px*780px,进入直播室-C主播,6,3,4,6,6,4,6,6,4,3,6,3,5,0,68,62,4,3,2,4,2,2,3,0
0JekGkez,2MdbV4ZL,cdm****bgdnk,2023-02-08 17:46:04,2023-02-08 17:49:40,216,1,i2AJfe,电商直播影响力研究,112.95.175.9,114.0867734,22.5383279,中国,广东省,深圳市,COMPUTER,Linux,Chrome,1920px*1080px,进入直播室-C主播,6,3,4,3,6,4,5,5,7,3,6,3,5,60,70,80,5,6,2,5,2,3,5,1
mWLGxaez,G7Xlx1D7,cdm****RAeIc,2023-02-08 14:56:24,2023-02-08 14:59:09,165,1,i2AJfe,电商直播影响力研究,49.87.1.180,119.0476799,33.6033275,中国,江苏省,淮安市,COMPUTER,Windows,Chrome,1280px*720px,进入直播室-C主播,6,3,4,4,6,4,5,5,5,3,4,3,1,14,85,90,4,4,2,5,2,2,4,1
6QL0BQMb,pLzKalKe,cdm****otX4e,2023-02-08 13:34:16,2023-02-08 13:38:45,269,1,i2AJfe,电商直播影响力研究,110.191.216.191,104.0781105,30.6602396,中国,四川省,成都市,COMPUTER,Windows,Chrome,1366px*768px,进入直播室-C主播,5,3,4,5,5,3,6,5,4,3,5,3,3,50,60,52,4,4,2,5,2,2,4,1
QJ7B2p7R,kMrKqmY7,cdm****Q79ws,2023-02-07 20:46:24,2023-02-07 20:49:42,198,1,i2AJfe,电商直播影响力研究,182.46.165.244,115.9862978,36.4417325,中国,山东省,聊城市,COMPUTER,Windows,Chrome,1536px*864px,进入直播室-C主播,6,3,4,3,6,5,3,6,5,3,6,3,2,30,50,10,4,6,2,5,1,2,3,1
3kM1lBe1,9LQlnbv7,Pri****harm,2023-02-11 18:17:26,2023-02-11 18:21:22,236,1,i2AJfe,电商直播影响力研究,183.162.46.123,117.1703340,31.8590980,中国,安徽省,合肥市,MOBILE,iOS,Apple WebKit,375px*667px,进入直播室-C主播,7,3,5,6,7,5,3,7,6,3,7,3,5,60,20,83,5,7,2,5,1,4,6,1
D37K2vME,BMDgYo9e,cdm****RGpyT,2023-02-11 17:26:41,2023-02-11 17:33:57,436,1,i2AJfe,电商直播影响力研究,182.96.59.101,115.9191298,28.6745131,中国,江西省,南昌市,COMPUTER,Windows,Chrome,1536px*864px,进入直播室-C主播,5,3,5,5,5,5,5,5,5,3,5,3,5,53,19,42,5,5,2,5,2,2,2,1
wz7AgAeD,Ke5ZpZVM,官*琴,2023-02-11 14:05:33,2023-02-11 14:08:20,167,1,i2AJfe,电商直播影响力研究,120.35.44.225,119.5726510,25.8569050,中国,福建省,福州市,MOBILE,iOS,Apple WebKit,390px*844px,进入直播室-C主播,6,3,5,3,6,4,6,5,6,3,6,3,5,25,35,30,3,6,2,5,2,2,4,1
JaMg4O7w,veE2X59M,cdm****Bj6l2,2023-02-10 13:30:28,2023-02-10 13:32:16,108,1,i2AJfe,电商直播影响力研究,75.76.238.35,-83.0473650,39.9936820, ,Ohio,Upper Arlington,COMPUTER,Windows,Chrome,1280px*800px,进入直播室-C主播,5,3,5,5,5,4,6,4,5,3,5,3,1,0,80,70,4,5,2,5,2,2,6,1
027aGreA,JekbXZkL,cdm****Xgdzj,2023-02-10 12:15:50,2023-02-10 12:19:03,193,1,i2AJfe,电商直播影响力研究,218.26.158.248,112.8036940,39.3974450,中国,山西省,朔州市,MOBILE,Android,WeChat,400px*892px,进入直播室-C主播,6,3,5,5,6,4,5,5,5,3,6,3,2,25,29,35,4,5,2,5,2,3,4,1
E9LQD47P,27abWn6L,cdm****HaQAZ,2023-02-09 20:15:37,2023-02-09 20:18:48,191,1,i2AJfe,电商直播影响力研究,171.104.124.31,109.7265700,22.8226040,中国,广西壮族自治区,贵港市,MOBILE,Android,Chrome,360px*780px,进入直播室-C主播,6,3,5,6,6,5,5,5,6,3,6,3,4,42,71,53,6,6,2,4,1,2,1,0
XRMWb4ez,AM969Qr7,cdm****amLp7,2023-02-09 14:56:03,2023-02-09 14:58:19,136,1,i2AJfe,电商直播影响力研究,36.100.127.178,102.5616980,36.8865110,中国,青海省,海东市,MOBILE,iOS,Apple WebKit,390px*844px,进入直播室-C主播,6,3,5,3,6,5,5,5,7,3,5,3,5,65,55,35,6,7,2,5,1,4,4,1
ZleNWBMo,z7AymnX7,cdm****85ch3,2023-02-09 14:40:27,2023-02-09 14:43:54,207,1,i2AJfe,电商直播影响力研究,218.77.62.229,113.0240446,28.1978805,中国,湖南省,长沙市,COMPUTER,Windows,Chrome,1920px*1080px,进入直播室-C主播,6,3,5,4,6,4,5,5,5,3,6,3,3,27,29,55,4,5,2,1,2,3,5,0
0ve8Ng7p,kM1ZO9z7,cdm****md9ud,2023-02-09 10:28:28,2023-02-09 10:32:47,259,1,i2AJfe,电商直播影响力研究,101.204.60.45,104.0781105,30.6602396,中国,四川省,成都市,COMPUTER,Mac OS X,Safari,1440px*900px,进入直播室-C主播,7,3,5,3,6,5,5,7,7,3,7,3,5,52,32,51,5,6,2,5,2,4,5,1
2AM9ydM6,xebbEwye,cdm****Zp3ZP,2023-02-08 20:17:04,2023-02-08 20:24:02,418,1,i2AJfe,电商直播影响力研究,171.14.30.36,115.6447667,34.3999827,中国,河南省,商丘市,COMPUTER,Windows,Chrome,1920px*1080px,进入直播室-C主播,6,3,5,6,6,4,3,6,5,3,6,3,2,15,34,56,5,6,2,1,1,3,4,0
027a9O7A,J7qK8dqe,cdm****NxBtc,2023-02-08 10:22:16,2023-02-08 10:26:06,230,1,i2AJfe,电商直播影响力研究,121.227.80.159,120.6458205,31.3249393,中国,江苏省,苏州市,COMPUTER,Windows,Chrome,1920px*1080px,进入直播室-C主播,6,3,5,6,6,4,3,6,6,3,6,3,5,40,27,47,4,5,2,5,2,2,5,1
0ve8Pwep,KLOG41EL,cdm****d2rxK,2023-02-08 08:26:32,2023-02-08 08:30:05,213,1,i2AJfe,电商直播影响力研究,61.153.224.114,120.7678664,30.7404874,中国,浙江省,嘉兴市,COMPUTER,Windows,Chrome,1440px*900px,进入直播室-C主播,7,3,5,6,7,4,5,6,6,3,7,3,5,45,28,81,4,5,2,5,1,3,5,1
a5Lm2geW,4enbkvWe,cdm****BTLzN,2023-02-07 20:48:53,2023-02-07 20:53:24,271,1,i2AJfe,电商直播影响力研究,219.143.129.127,116.3974589,39.9388838,中国,北京市,市辖区,COMPUTER,Windows,Chrome,1280px*800px,进入直播室-C主播,6,3,5,5,6,4,5,5,3,3,6,3,2,30,60,60,4,3,2,5,2,4,7,1
nxLVdaMY,kM1ZObD7,cdm****meXQP,2023-02-07 19:21:09,2023-02-07 19:26:56,347,1,i2AJfe,电商直播影响力研究,111.199.216.138,116.3974589,39.9388838,中国,北京市,市辖区,COMPUTER,Mac OS X,Safari,1280px*800px,进入直播室-C主播,6,3,5,6,5,4,6,4,2,3,5,3,1,3,84,84,4,5,2,5,1,4,2,1
a5Lm1ALW,RMWlONX7,森*,2023-02-12 21:49:10,2023-02-12 21:53:42,272,1,i2AJfe,电商直播影响力研究,14.221.165.207,113.6700250,22.9065900,中国,广东省,东莞市,MOBILE,iOS,Apple WebKit,375px*667px,进入直播室-C主播,6,3,6,6,6,4,6,6,7,3,6,3,6,70,30,63,5,6,2,5,1,4,5,1
a5LmNxeW,ve8m0bBM,cdm****87Upv,2023-02-11 18:41:32,2023-02-11 18:47:35,363,1,i2AJfe,电商直播影响力研究,114.96.9.23,115.8648690,32.9143690,中国,安徽省,阜阳市,MOBILE,Android,Chrome,393px*873px,进入直播室-C主播,6,3,6,7,6,4,5,6,6,3,6,3,4,50,15,30,6,6,2,5,1,3,5,1
K0eyg97Q,37Ko8qK7,cdm****BnYbf,2023-02-11 01:32:29,2023-02-11 01:38:34,365,1,i2AJfe,电商直播影响力研究,111.78.149.156,114.9940360,27.1058462,中国,江西省,吉安市,MOBILE,Android,WeChat,400px*889px,进入直播室-C主播,6,3,6,7,7,4,6,5,6,3,7,3,5,66,53,40,6,6,2,5,1,4,3,1
dqM6Y0ex,5M2ZxQDM,cdm****NBfYE,2023-02-08 17:30:55,2023-02-08 17:38:23,448,1,i2AJfe,电商直播影响力研究,36.161.232.156,117.1558810,31.7225090,中国,安徽省,合肥市,COMPUTER,Linux,Chrome,1138px*712px,进入直播室-C主播,7,3,6,3,7,4,6,5,7,3,7,3,1,0,23,23,5,7,2,5,2,2,6,1
1kMrky79,kM1ZOWQ7,cdm****PfO5C,2023-02-13 09:34:40,2023-02-13 09:38:20,220,1,i2AJfe,电商直播影响力研究,222.184.233.242,120.8753318,32.0119567,中国,江苏省,南通市,COMPUTER,Windows,WeChat,1280px*720px,进入直播室-C主播,5,3,3,5,5,2,6,3,2,3,4,3,2,40,55,80,4,3,2,5,2,3,5,1
w5Lwg6Ll,JekbX6dL,cdm****YllAs,2023-02-13 10:06:31,2023-02-13 10:08:57,146,1,i2AJfe,电商直播影响力研究,183.239.175.36,114.4651170,22.5878600,中国,广东省,深圳市,MOBILE,iOS,WeChat,390px*844px,进入直播室-C主播,7,3,3,6,4,4,7,5,4,3,7,3,2,34,66,71,3,4,2,5,2,2,5,1
VKe5J8Mx,27abW5NL,cdm****k0fjX,2023-02-13 10:36:26,2023-02-13 10:39:55,209,1,i2AJfe,电商直播影响力研究,219.145.46.180,108.9410144,34.2740836,中国,陕西省,西安市,COMPUTER,Windows,WeChat,1920px*1080px,进入直播室-C主播,4,3,3,5,4,4,4,4,3,3,4,3,3,5,50,50,3,4,2,5,2,3,3,1
E9LQNGeP,yevKdjvM,cdm****CMjee,2023-02-13 17:37:56,2023-02-13 17:39:59,123,1,i2AJfe,电商直播影响力研究,182.120.189.204,111.7666030,32.7755810,中国,河南省,南阳市,MOBILE,Android,Chrome,393px*873px,进入直播室-C主播,4,3,3,6,5,4,6,4,2,3,4,3,2,9,72,28,3,4,2,5,1,4,4,1
027a0wMA,aMgbmA5e,cdm****pBpMd,2023-02-13 10:33:18,2023-02-13 10:35:46,148,1,i2AJfe,电商直播影响力研究,117.136.92.88,117.1107495,36.6472998,中国,山东省,济南市,MOBILE,Android,WeChat,440px*942px,进入直播室-C主播,5,3,4,5,5,4,6,5,4,3,5,3,3,49,59,35,4,5,2,5,1,3,5,1
Jz7lw5MQ,o7j3YmOL,cdm****jaxqr,2023-02-13 10:36:07,2023-02-13 10:39:19,192,1,i2AJfe,电商直播影响力研究,36.5.78.111,117.2772718,31.8710932,中国,安徽省,合肥市,COMPUTER,Windows,Chrome,1366px*768px,进入直播室-C主播,5,3,4,3,5,4,6,6,5,3,6,3,2,3,14,54,4,4,2,5,1,3,5,1
a8MZ0DL3,0eyKj5E7,cdm****WhAoa,2023-02-13 16:48:34,2023-02-13 16:50:19,105,1,i2AJfe,电商直播影响力研究,101.228.81.67,121.6013840,31.1000520,中国,上海市,市辖区,MOBILE,iOS,WeChat,390px*844px,进入直播室-C主播,6,3,4,5,6,4,6,6,7,3,6,3,2,21,21,50,4,5,2,5,2,4,5,1
XRMWa0Lz,4enbk30e,cdm****thxXC,2023-02-14 16:12:33,2023-02-14 16:14:40,127,1,i2AJfe,电商直播影响力研究,27.155.141.29,119.3151122,26.0740670,中国,福建省,福州市,COMPUTER,Windows,WeChat,1920px*1080px,进入直播室-C主播,7,3,4,6,6,4,5,4,5,3,6,3,5,26,1,52,4,4,2,5,2,2,3,1
0JekNYLz,leNl2Og7,cdm****djzvQ,2023-02-14 16:36:09,2023-02-14 16:38:16,127,1,i2AJfe,电商直播影响力研究,36.112.184.129,120.2031595,30.2682971,中国,浙江省,杭州市,COMPUTER,Windows,WeChat,1536px*864px,进入直播室-C主播,5,3,4,4,5,2,7,5,1,3,5,3,2,10,60,60,3,2,2,5,2,2,4,1
VKe5ZxMx,VMJjyBkM,cdm****7liyA,2023-02-14 18:18:56,2023-02-14 18:21:17,141,1,i2AJfe,电商直播影响力研究,113.93.111.71,113.0918938,22.5842050,中国,广东省,江门市,MOBILE,Android,WeChat,400px*867px,进入直播室-C主播,5,3,4,5,5,5,4,4,6,3,5,5,1,10,30,49,4,5,2,5,1,3,6,1
QJ7B53MR,5M2ZxqaM,cdm****Rxdb1,2023-02-14 19:24:25,2023-02-14 19:27:25,180,1,i2AJfe,电商直播影响力研究,222.129.63.97,116.2996980,39.8618180,中国,北京市,市辖区,MOBILE,iOS,WeChat,390px*844px,进入直播室-C主播,7,3,4,7,6,5,4,6,6,3,7,3,5,70,20,30,6,6,2,5,1,4,5,1
ZG7X0873,27abWVNL,cdm****Sdapn,2023-02-13 17:00:56,2023-02-13 17:04:23,207,1,i2AJfe,电商直播影响力研究,113.105.88.210,114.0867734,22.5383279,中国,广东省,深圳市,COMPUTER,Mac OS X,Chrome,1440px*900px,进入直播室-C主播,6,3,5,6,6,4,5,6,4,3,6,3,1,11,50,61,4,4,2,5,2,3,7,1
w5Lwp6el,KLOG4V4L,cdm****nTm8r,2023-02-13 17:15:01,2023-02-13 17:18:12,191,1,i2AJfe,电商直播影响力研究,223.147.4.189,112.6189292,26.8895966,中国,湖南省,衡阳市,MOBILE,iOS,WeChat,414px*896px,进入直播室-C主播,7,3,5,6,6,4,5,4,4,3,7,3,5,22,62,45,4,5,2,5,1,3,6,1
ZleNlz7o,WLGdwW0e,cdm****REXHC,2023-02-14 18:23:17,2023-02-14 18:28:01,284,1,i2AJfe,电商直播影响力研究,101.75.108.91,118.1571651,39.6438538,中国,河北省,唐山市,MOBILE,Android,WeChat,440px*942px,进入直播室-C主播,7,3,5,6,6,4,6,6,5,3,7,3,5,10,70,20,4,6,2,5,1,5,3,1
1veE2PMG,J7B86A1e,cdm****fYxYg,2023-02-14 18:33:00,2023-02-14 18:37:54,294,1,i2AJfe,电商直播影响力研究,183.199.23.182,115.6304690,38.4711970,中国,河北省,保定市,MOBILE,iOS,WeChat,375px*812px,进入直播室-C主播,4,3,5,3,4,4,5,4,5,3,4,3,5,35,25,40,4,5,2,5,1,2,5,1
Kme33NeO,9LQlnKG7,cdm****oAAa0,2023-02-14 19:32:55,2023-02-14 19:36:14,199,1,i2AJfe,电商直播影响力研究,182.104.98.129,115.9191298,28.6745131,中国,江西省,南昌市,MOBILE,Android,Chrome,360px*770px,进入直播室-C主播,5,3,5,6,5,4,5,5,4,3,5,3,2,22,47,26,4,5,2,5,1,6,4,1
mWLG4kez,yevKd8VM,cdm****7TN4l,2023-02-08 21:01:51,2023-02-08 21:09:37,466,1,i2AJfe,电商直播影响力研究,171.210.194.125,104.0515351,30.6585724,中国,四川省,成都市,COMPUTER,Windows,Chrome,1707px*960px,进入直播室-D主播,3,4,2,3,3,7,5,3,1,3,5,4,2,22,68,27,2,3,1,5,2,2,4,1
ZleNkWMo,37Ko8pQ7,cdm****owkHm,2023-02-08 13:23:40,2023-02-08 13:27:08,208,1,i2AJfe,电商直播影响力研究,111.14.57.14,117.3250044,34.8111483,中国,山东省,枣庄市,COMPUTER,Windows,Chrome,1536px*864px,进入直播室-D主播,6,4,2,5,5,5,5,5,5,3,6,4,5,81,94,90,3,4,1,5,2,2,3,1
ZG7XyBL3,o7j3YvlL,cdm****FSyEf,2023-02-11 19:13:45,2023-02-11 19:15:16,91,1,i2AJfe,电商直播影响力研究,125.107.111.4,120.5876863,29.9929493,中国,浙江省,绍兴市,COMPUTER,Windows,Chrome,1280px*720px,进入直播室-D主播,6,4,3,5,3,6,5,4,5,3,3,4,2,17,65,32,3,4,1,5,2,2,5,1
a8MZAje3,xMobQ8We,cdm****8Ljkj,2023-02-11 16:32:26,2023-02-11 16:37:01,275,1,i2AJfe,电商直播影响力研究,101.228.189.198,121.4913730,31.1721960,中国,上海市,市辖区,MOBILE,iOS,WeChat,414px*896px,进入直播室-D主播,6,4,3,4,6,6,5,6,5,3,6,4,2,90,71,13,3,4,1,5,2,2,6,1
ZG7XE5L3,pLzKawke,cdm****4Sq8H,2023-02-10 20:51:26,2023-02-10 20:56:11,285,1,i2AJfe,电商直播影响力研究,116.169.2.89,104.6862730,31.5365250,中国,四川省,绵阳市,MOBILE,Android,WeChat,400px*889px,进入直播室-D主播,6,4,3,6,4,6,4,5,4,3,6,4,2,39,67,35,3,4,1,5,1,2,3,1
dqM618ex,J7B86qpe,cdm****GDaF1,2023-02-10 20:04:28,2023-02-10 20:07:00,152,1,i2AJfe,电商直播影响力研究,123.149.139.107,113.3103704,33.7379233,中国,河南省,平顶山市,MOBILE,Android,Chrome,360px*800px,进入直播室-D主播,5,4,3,6,5,7,5,6,5,3,6,4,2,24,80,83,2,4,1,5,2,4,5,1
1kMrk079,p7YxvkmM,cdm****xWBJQ,2023-02-12 15:59:47,2023-02-12 16:06:04,377,1,i2AJfe,电商直播影响力研究,171.81.244.63,113.0854890,30.3456510,中国,湖北省,省直辖县级行政区划,MOBILE,Android,Chrome,360px*770px,进入直播室-D主播,6,4,4,2,6,5,4,6,5,3,6,4,6,80,90,80,4,4,1,5,2,2,3,1
6QL0lyLb,z7lbrkxe,cdm****i4OMQ,2023-02-11 14:10:52,2023-02-11 14:15:03,251,1,i2AJfe,电商直播影响力研究,118.79.241.16,112.9666660,38.4800220,中国,山西省,忻州市,MOBILE,iOS,WeChat,390px*844px,进入直播室-D主播,6,4,4,5,6,5,2,6,2,3,6,4,2,40,69,76,3,4,1,5,2,3,5,1
qVMJEden,5Lmbw4Oe,cdm****cVFef,2023-02-11 13:49:14,2023-02-11 13:51:39,145,1,i2AJfe,电商直播影响力研究,111.14.130.22,116.5968167,35.3961037,中国,山东省,济宁市,MOBILE,Android,Chrome,360px*800px,进入直播室-D主播,5,4,4,5,5,6,5,6,6,3,6,4,3,30,70,60,3,4,1,5,1,2,3,1
YKLOEdMk,aMgbm1ke,cdm****ZtJXb,2023-02-11 12:37:19,2023-02-11 12:42:11,292,1,i2AJfe,电商直播影响力研究,182.102.129.0,115.9191298,28.6745131,中国,江西省,南昌市,MOBILE,Android,WeChat,400px*885px,进入直播室-D主播,6,4,4,5,6,7,5,7,6,3,6,4,2,75,60,100,4,5,1,5,1,3,5,1
wWMRn9M9,5LwKnY1L,cdm****dyxi2,2023-02-11 11:52:49,2023-02-11 11:55:41,172,1,i2AJfe,电商直播影响力研究,60.222.76.175,110.9757060,35.6051260,中国,山西省,运城市,MOBILE,Android,WeChat,360px*780px,进入直播室-D主播,6,4,4,4,6,7,5,6,5,3,6,4,5,70,60,50,5,6,1,5,2,2,3,1
zJ7qDGM0,0eyKjKv7,D*n,2023-02-10 17:50:10,2023-02-10 17:55:31,321,1,i2AJfe,电商直播影响力研究,158.94.64.99,-0.2297350,51.5904840, ,Barnet,Hendon,MOBILE,iOS,Apple WebKit,390px*844px,进入直播室-D主播,2,4,4,5,1,4,5,2,3,3,1,4,1,0,78,78,2,2,1,5,2,3,6,1
w5Lwvv7l,WLGdwkke,cdm****GFhZM,2023-02-10 22:00:56,2023-02-10 22:03:36,160,1,i2AJfe,电商直播影响力研究,112.9.184.38,120.4043251,36.1139435,中国,山东省,青岛市,COMPUTER,Windows,Chrome,1280px*800px,进入直播室-D主播,5,4,4,5,5,7,6,6,6,3,5,4,5,30,80,78,4,5,1,5,2,2,5,1
Kme3pEMO,BepK3OxL,cdm****dbCyn,2023-02-10 19:38:31,2023-02-10 19:41:09,158,1,i2AJfe,电商直播影响力研究,218.12.19.4,114.5054340,38.0430537,中国,河北省,石家庄市,MOBILE,Android,Chrome,360px*800px,进入直播室-D主播,6,4,4,6,6,5,5,6,5,3,6,4,2,0,64,51,3,6,1,5,1,2,3,1
nxLV6pLY,Ke5ZpzKM,cdm****1FgJS,2023-02-10 19:14:58,2023-02-10 19:17:36,158,1,i2AJfe,电商直播影响力研究,202.113.189.173,117.2157365,39.1304422,中国,天津市,市辖区,MOBILE,Android,WeChat,400px*889px,进入直播室-D主播,5,4,4,4,5,6,5,5,5,3,5,4,2,35,87,89,4,5,1,5,2,2,3,1
a5LmDp7W,aMgbmwle,cdm****kpTiM,2023-02-09 18:44:01,2023-02-09 18:46:20,139,1,i2AJfe,电商直播影响力研究,120.243.112.95,117.2772718,31.8710932,中国,安徽省,合肥市,COMPUTER,Windows,Chrome,1536px*864px,进入直播室-D主播,6,4,4,5,6,5,5,6,4,3,6,4,2,10,88,83,4,5,1,5,2,2,3,1
Kme3qR7O,ve8m0kwM,cdm****IMl4r,2023-02-09 18:31:09,2023-02-09 18:32:57,108,1,i2AJfe,电商直播影响力研究,119.134.149.58,115.3690249,22.7780378,中国,广东省,汕尾市,COMPUTER,Windows,Chrome,1920px*1080px,进入直播室-D主播,5,4,4,6,5,5,5,5,6,3,5,4,5,75,80,70,5,6,1,5,1,4,5,1
QJ7BBn7R,qM6ZAPdM,cdm****OxjRw,2023-02-09 18:25:29,2023-02-09 18:28:59,210,1,i2AJfe,电商直播影响力研究,120.244.129.141,116.3974589,39.9388838,中国,北京市,市辖区,COMPUTER,Windows,Chrome,1280px*720px,进入直播室-D主播,6,4,4,4,4,5,4,5,4,3,6,4,7,81,70,91,4,4,1,5,2,4,6,1
JaMg8k7w,5LwKnX2L,cdm****Z170T,2023-02-09 10:43:03,2023-02-09 10:45:46,163,1,i2AJfe,电商直播影响力研究,36.26.14.166,120.7595220,30.7546640,中国,浙江省,嘉兴市,COMPUTER,Windows,Chrome,1280px*720px,进入直播室-D主播,6,4,4,5,6,7,5,6,6,3,6,4,3,66,78,82,5,6,1,5,2,3,5,1
a5LmWpMW,kMrKqOn7,cdm****I4Min,2023-02-09 09:06:39,2023-02-09 09:10:58,259,1,i2AJfe,电商直播影响力研究,218.29.126.52,113.6482322,34.7492146,中国,河南省,郑州市,COMPUTER,Windows,Chrome,1920px*1080px,进入直播室-D主播,5,4,4,2,5,7,2,5,3,3,5,4,3,55,73,89,4,4,1,5,1,2,5,1
XRMWp47z,37Ko8zQ7,cdm****V0WeK,2023-02-08 20:49:30,2023-02-08 20:52:56,206,1,i2AJfe,电商直播影响力研究,60.208.177.48,117.0413500,36.6623208,中国,山东省,济南市,COMPUTER,Windows,Chrome,1600px*1000px,进入直播室-D主播,6,4,4,5,6,6,5,6,4,3,6,4,5,65,75,68,4,5,1,5,2,4,5,1
wWMRE5e9,KLOG4p3L,cdm****QvRXW,2023-02-08 18:44:44,2023-02-08 18:48:31,227,1,i2AJfe,电商直播影响力研究,110.228.232.99,114.4695340,38.0790590,中国,河北省,石家庄市,COMPUTER,Windows,Chrome,1366px*768px,进入直播室-D主播,6,4,4,3,6,6,5,6,6,3,6,4,6,94,79,94,4,6,1,5,2,3,4,1
qVMJxRLn,xLVl53bM,cdm****O5Q2n,2023-02-08 11:35:04,2023-02-08 11:39:58,294,1,i2AJfe,电商直播影响力研究,114.92.24.54,121.4767528,31.2243490,中国,上海市,市辖区,COMPUTER,Windows,Chrome,1280px*720px,进入直播室-D主播,6,4,4,3,5,7,5,6,5,3,6,4,4,54,71,71,4,5,1,5,2,3,6,1
Kme3kDeO,37Ko8BY7,cdm****FMmpV,2023-02-07 20:46:30,2023-02-07 20:50:12,222,1,i2AJfe,电商直播影响力研究,223.73.11.208,116.7135520,23.3848080,中国,广东省,汕头市,COMPUTER,Windows,Chrome,1920px*1080px,进入直播室-D主播,6,4,4,4,6,7,3,6,4,3,6,4,5,70,85,35,4,4,1,5,2,2,4,1
a8MZGy73,G7Xlx9D7,cdm****eLepf,2023-02-07 19:33:59,2023-02-07 19:39:00,301,1,i2AJfe,电商直播影响力研究,112.38.62.230,115.9862978,36.4417325,中国,山东省,聊城市,COMPUTER,Windows,Chrome,1280px*720px,进入直播室-D主播,6,4,4,5,6,6,6,6,5,3,6,4,5,50,85,80,4,5,1,5,2,2,3,1
ZleNDW7o,5M2Zxy8M,cdm****kwzco,2023-02-07 18:16:41,2023-02-07 18:21:28,287,1,i2AJfe,电商直播影响力研究,223.97.164.234,119.1683632,36.6947521,中国,山东省,潍坊市,MOBILE,Android,Chrome,360px*780px,进入直播室-D主播,6,4,4,4,6,6,6,6,5,3,6,4,5,85,75,73,4,5,1,5,2,2,3,1
pxMopR7n,leNl2ZB7,cdm****Wikmh,2023-02-11 16:28:15,2023-02-11 16:33:30,315,1,i2AJfe,电商直播影响力研究,117.173.138.71,104.0781105,30.6602396,中国,四川省,成都市,COMPUTER,Windows,Chrome,1536px*864px,进入直播室-D主播,6,4,5,3,6,6,6,7,2,3,5,4,3,20,60,85,5,4,1,5,1,2,3,1
o4en4d71,G7XlxvG7,cdm****vj5ma,2023-02-11 11:51:29,2023-02-11 11:54:21,172,1,i2AJfe,电商直播影响力研究,223.166.164.198,121.5079670,30.8444130,中国,上海市,市辖区,MOBILE,Android,WeChat,360px*800px,进入直播室-D主播,5,4,5,2,4,7,5,4,2,3,4,4,2,75,94,85,5,4,1,5,2,2,4,1
r2MdxbMw,kM1ZOzO7,cdm****P5giu,2023-02-11 10:59:05,2023-02-11 11:01:46,161,1,i2AJfe,电商直播影响力研究,106.115.114.242,114.4721157,36.6064572,中国,河北省,邯郸市,COMPUTER,Windows,Chrome,1536px*864px,进入直播室-D主播,6,4,5,6,6,6,5,6,5,3,6,4,5,59,80,80,5,6,1,5,1,2,3,1
ZG7XY5L3,4enbk2ne,cdm****ABrv1,2023-02-09 19:05:44,2023-02-09 19:10:48,304,1,i2AJfe,电商直播影响力研究,49.93.77.53,118.7377507,32.0992691,中国,江苏省,南京市,COMPUTER,Windows,Chrome,1494px*934px,进入直播室-D主播,6,4,5,3,6,7,2,6,2,3,6,4,3,70,80,75,4,3,1,4,2,2,5,0
VnePWXLa,qM6ZAGdM,cdm****oXuss,2023-02-09 16:53:14,2023-02-09 16:56:11,177,1,i2AJfe,电商直播影响力研究,221.212.20.206,126.6520214,45.7572300,中国,黑龙江省,哈尔滨市,COMPUTER,Windows,Chrome,1920px*1080px,进入直播室-D主播,6,4,5,4,5,4,4,5,4,3,5,4,6,68,74,40,4,4,1,5,1,4,3,1
2AM93dL6,BepK3dBL,cdm****RseAt,2023-02-09 14:41:31,2023-02-09 14:45:12,221,1,i2AJfe,电商直播影响力研究,112.12.37.230,120.6837040,27.9911397,中国,浙江省,温州市,COMPUTER,Windows,Chrome,1920px*1080px,进入直播室-D主播,6,4,5,5,6,7,5,6,7,3,6,4,5,76,58,59,5,5,1,5,1,3,5,1
6QL0aVeb,yevKd3AM,cdm****LRsx5,2023-02-09 14:36:13,2023-02-09 14:44:11,478,1,i2AJfe,电商直播影响力研究,175.13.254.19,113.0240446,28.1978805,中国,湖南省,长沙市,COMPUTER,Windows,Chrome,1440px*900px,进入直播室-D主播,6,4,5,7,6,6,6,7,6,3,6,4,5,90,80,86,5,6,1,5,1,4,5,1
027a6ELA,xLVl5zbM,cdm****Q5ESe,2023-02-08 18:52:25,2023-02-08 18:59:46,441,1,i2AJfe,电商直播影响力研究,114.82.101.202,121.8024090,30.8903430,中国,上海市,市辖区,COMPUTER,Windows,Chrome,1920px*1080px,进入直播室-D主播,6,4,5,6,5,7,7,6,6,3,7,4,6,84,89,96,5,6,1,5,1,4,5,1
wz7A1X7D,nePDdNve,cdm****oBuVa,2023-02-08 13:19:56,2023-02-08 13:23:03,187,1,i2AJfe,电商直播影响力研究,117.136.74.146,114.3028320,30.5410820,中国,湖北省,武汉市,MOBILE,iOS,Apple WebKit,414px*896px,进入直播室-D主播,6,4,5,6,6,7,6,7,7,3,6,4,6,80,96,99,4,6,1,5,2,4,6,1
vp7YEx7a,nePDdnXe,cdm****Ubc4w,2023-02-12 14:18:17,2023-02-12 14:25:59,462,1,i2AJfe,电商直播影响力研究,221.13.1.7,106.7209510,26.5792150,中国,贵州省,贵阳市,COMPUTER,Windows,Chrome,1280px*720px,进入直播室-D主播,6,4,6,6,6,7,6,7,5,3,6,4,6,90,86,75,6,7,1,5,2,3,6,1
JyevOWM9,p7Yxvy0M,cdm****oOs4d,2023-02-10 13:00:32,2023-02-10 13:44:34,2642,1,i2AJfe,电商直播影响力研究,1.82.75.178,109.7368473,38.2878278,中国,陕西省,榆林市,COMPUTER,Windows,WeChat,1494px*934px,进入直播室-D主播,6,4,6,6,7,7,6,6,5,3,6,4,6,76,68,57,6,7,1,5,2,4,5,1
0ve8vB7p,z7Aym8X7,cdm****PcxaM,2023-02-09 21:10:20,2023-02-09 21:15:23,303,1,i2AJfe,电商直播影响力研究,123.171.12.99,115.9862978,36.4417325,中国,山东省,聊城市,COMPUTER,Windows,Chrome,804px*360px,进入直播室-D主播,6,4,6,7,6,7,5,7,7,3,6,4,6,90,70,68,6,7,1,5,2,4,4,1
Jz7lgxMQ,Ke5ZpgvM,cdm****bP3j8,2023-02-09 11:40:25,2023-02-09 11:43:20,175,1,i2AJfe,电商直播影响力研究,140.206.195.189,121.4767528,31.2243490,中国,上海市,市辖区,COMPUTER,Windows,Chrome,1366px*768px,进入直播室-D主播,7,4,6,6,7,7,6,7,6,3,7,4,5,62,49,50,5,6,1,5,2,2,5,1
1kMrG679,ve8m094M,cdm****hfksm,2023-02-09 10:08:41,2023-02-09 10:13:02,261,1,i2AJfe,电商直播影响力研究,111.183.86.157,114.8955721,30.3801463,中国,湖北省,鄂州市,COMPUTER,Windows,Firefox,1963px*1104px,进入直播室-D主播,6,4,6,6,7,7,7,7,7,3,7,4,6,65,79,100,6,7,1,5,1,5,4,1
wWMRl1L9,yevKd2bM,cdm****5kgeW,2023-02-14 18:14:04,2023-02-14 18:17:00,176,1,i2AJfe,电商直播影响力研究,123.232.123.3,117.0375530,36.6500920,中国,山东省,济南市,MOBILE,iOS,WeChat,414px*896px,进入直播室-D主播,7,4,1,6,6,6,5,4,4,3,7,4,6,100,100,100,1,4,1,5,2,5,5,1
0JekmY7z,5LwKn2qL,cdm****RtAjK,2023-02-13 10:06:58,2023-02-13 10:11:14,256,1,i2AJfe,电商直播影响力研究,112.36.205.45,117.0413500,36.6623208,中国,山东省,济南市,MOBILE,Android,WeChat,400px*649px,进入直播室-D主播,5,4,2,3,5,6,6,6,5,3,5,4,6,85,81,76,3,5,1,5,2,2,5,1
rDMxKley,z7AympQ7,cdm****uvTDq,2023-02-14 18:17:34,2023-02-14 18:22:07,273,1,i2AJfe,电商直播影响力研究,112.38.168.122,117.8597610,36.0679520,中国,山东省,济南市,TABLET,iOS,WeChat,810px*1080px,进入直播室-D主播,6,4,3,3,5,7,4,5,3,3,7,4,2,25,43,16,2,4,1,5,2,2,3,1
VnePBy7a,p7YxvKbM,cdm****WcKHN,2023-02-14 18:39:53,2023-02-14 18:43:05,192,1,i2AJfe,电商直播影响力研究,114.85.138.107,121.4445880,31.2084080,中国,上海市,市辖区,MOBILE,iOS,WeChat,375px*667px,进入直播室-D主播,6,4,3,5,5,5,5,5,5,3,6,4,6,69,72,42,3,4,1,5,2,4,4,1
Wo7jXBew,WMRlRwKL,cdm****pp9ek,2023-02-13 10:30:49,2023-02-13 10:33:34,165,1,i2AJfe,电商直播影响力研究,123.147.247.104,106.6924340,29.0353050,中国,重庆市,市辖区,MOBILE,Android,WeChat,400px*892px,进入直播室-D主播,6,4,4,6,6,6,4,5,5,3,6,4,3,30,53,31,4,5,1,5,2,2,3,1
Jyevpb79,KLOG4Y4L,cdm****JqBtd,2023-02-13 10:45:18,2023-02-13 10:48:15,177,1,i2AJfe,电商直播影响力研究,111.225.239.156,117.9410327,40.9762977,中国,河北省,承德市,COMPUTER,Windows,Chrome,1920px*1080px,进入直播室-D主播,6,4,4,3,6,6,6,6,6,3,6,4,5,78,97,96,5,6,1,5,1,4,4,1
0JekrYLz,DMxKRl5e,cdm****yZq6z,2023-02-13 17:32:29,2023-02-13 17:35:28,179,1,i2AJfe,电商直播影响力研究,182.108.122.239,117.9490096,28.4466400,中国,江西省,上饶市,COMPUTER,Windows,Chrome,2048px*1152px,进入直播室-D主播,5,4,4,5,5,6,6,6,5,3,5,4,2,30,80,80,4,5,1,5,1,2,5,1
wWMRaDe9,9LQlnYQ7,cdm****fAsCr,2023-02-14 12:02:51,2023-02-14 12:06:06,195,1,i2AJfe,电商直播影响力研究,118.212.213.45,115.9191298,28.6745131,中国,江西省,南昌市,MOBILE,Android,WeChat,360px*780px,进入直播室-D主播,6,4,4,6,7,6,5,6,6,3,6,4,5,81,46,38,4,5,1,5,2,3,7,1
2AM96976,BMDgY0Ke,cdm****JvscD,2023-02-14 18:30:34,2023-02-14 18:34:06,212,1,i2AJfe,电商直播影响力研究,119.143.84.210,113.3893937,23.1565381,中国,广东省,广州市,MOBILE,Android,WeChat,400px*866px,进入直播室-D主播,5,4,4,5,5,6,2,5,5,3,5,4,2,20,90,10,4,5,1,5,2,2,4,1
QJ7Bd1eR,ve8m0jzM,cdm****BMMyC,2023-02-13 16:50:12,2023-02-13 16:55:16,304,1,i2AJfe,电商直播影响力研究,42.232.207.52,113.2543680,33.7182420,中国,河南省,平顶山市,MOBILE,Android,Chrome,360px*792px,进入直播室-D主播,5,4,5,6,5,5,7,6,3,3,5,4,5,65,37,6,5,6,1,5,1,2,3,1
Xxebz6eD,kMrKqQ07,cdm****rwzak,2023-02-13 16:50:16,2023-02-13 16:54:05,229,1,i2AJfe,电商直播影响力研究,221.212.214.232,126.6889190,45.7412670,中国,黑龙江省,哈尔滨市,MOBILE,Android,WeChat,400px*880px,进入直播室-D主播,6,4,5,6,7,7,5,6,5,3,6,4,2,21,44,40,4,6,1,5,1,5,6,1
gBMDA37d,qM6ZAdvM,cdm****a8JSv,2023-02-14 18:38:54,2023-02-14 18:47:48,534,1,i2AJfe,电商直播影响力研究,36.44.140.3,108.9410144,34.2740836,中国,陕西省,西安市,MOBILE,iOS,WeChat,320px*568px,进入直播室-D主播,5,4,5,5,5,4,5,5,5,3,5,4,5,60,66,65,5,5,1,5,1,6,2,1
D37KAleE,BepK3wZL,cdm****UvCyR,2023-02-13 16:53:08,2023-02-13 16:55:16,128,1,i2AJfe,电商直播影响力研究,110.80.20.170,118.1226075,24.4829228,中国,福建省,厦门市,COMPUTER,Windows,WeChat,1366px*768px,进入直播室-D主播,6,4,6,5,6,7,5,6,5,3,6,4,5,83,47,46,6,6,1,5,1,2,5,1
r2Md0NMw,JekbX0dL,cdm****11b30,2023-02-14 11:59:24,2023-02-14 12:02:00,156,1,i2AJfe,电商直播影响力研究,1.50.148.47,106.2630970,38.4716340,中国,宁夏回族自治区,银川市,COMPUTER,Windows,Chrome,1536px*864px,进入直播室-D主播,6,4,6,7,6,7,6,6,5,3,6,4,3,62,18,72,4,4,1,5,1,2,2,1
VnePRo7a,xLVl5OZM,cdm****Iw0f4,2023-02-11 21:34:07,2023-02-11 21:36:36,149,1,i2AJfe,电商直播影响力研究,183.94.121.235,114.2535510,30.6408360,中国,湖北省,武汉市,COMPUTER,Windows,Chrome,1177px*706px,进入直播室-E主播,6,5,4,3,6,1,5,6,3,3,6,5,3,33,81,82,4,4,3,5,2,2,5,1
VKe560Mx,0eyKjlP7,cdm****axStH,2023-02-11 12:12:11,2023-02-11 12:14:52,161,1,i2AJfe,电商直播影响力研究,113.54.206.101,104.0781105,30.6602396,中国,四川省,成都市,COMPUTER,Windows,Chrome,2560px*1440px,进入直播室-E主播,6,5,4,6,5,1,7,3,4,3,6,5,4,60,80,80,4,2,3,5,1,2,4,1
vp7Ym07a,9LQlnoB7,cdm****4kJxb,2023-02-09 09:59:05,2023-02-09 10:01:12,127,1,i2AJfe,电商直播影响力研究,120.197.38.10,113.3893937,23.1565381,中国,广东省,广州市,COMPUTER,Windows,Chrome,1600px*900px,进入直播室-E主播,6,5,4,4,6,1,6,4,2,3,6,5,2,15,100,100,3,4,3,5,2,2,4,1
rDMx0mMy,nePDd3ve,cdm****7KWhh,2023-02-08 19:47:17,2023-02-08 19:50:21,184,1,i2AJfe,电商直播影响力研究,101.229.126.7,121.4767528,31.2243490,中国,上海市,市辖区,COMPUTER,Windows,Chrome,1280px*720px,进入直播室-E主播,7,5,4,6,7,1,6,7,2,3,7,5,2,10,96,92,3,2,3,1,1,4,7,0
nxLVvaLY,kMrKqwn7,cdm****JZUUo,2023-02-08 15:01:14,2023-02-08 15:06:56,342,1,i2AJfe,电商直播影响力研究,39.146.28.111,116.3635380,30.8460980,中国,安徽省,安庆市,COMPUTER,Windows,Chrome,1536px*864px,进入直播室-E主播,6,5,4,5,6,1,6,6,1,3,6,5,1,1,31,31,3,2,3,5,1,2,4,1
2AM94re6,nePDdOne,cdm****5OdPd,2023-02-08 13:54:01,2023-02-08 13:56:04,123,1,i2AJfe,电商直播影响力研究,221.10.55.190,104.0781105,30.6602396,中国,四川省,成都市,COMPUTER,Windows,Chrome,1746px*982px,进入直播室-E主播,6,5,4,5,6,1,6,5,3,3,6,5,6,91,71,70,3,3,3,5,1,3,4,1
D37KPGLE,oe4ZJqX7,cdm****5R7uj,2023-02-07 20:18:04,2023-02-07 20:20:22,138,1,i2AJfe,电商直播影响力研究,61.157.16.35,104.0781105,30.6602396,中国,四川省,成都市,COMPUTER,Windows,Chrome,1280px*720px,进入直播室-E主播,6,5,4,5,6,2,5,6,6,3,6,5,3,60,85,85,4,6,3,5,2,2,5,1
3kM1PQe1,oe4ZJOq7,cdm****ysXAn,2023-02-11 23:31:59,2023-02-11 23:36:59,300,1,i2AJfe,电商直播影响力研究,116.249.109.231,102.7821990,24.9595580,中国,云南省,昆明市,MOBILE,Android,Chrome,360px*800px,进入直播室-E主播,7,5,5,7,7,1,6,6,4,3,6,5,3,35,78,83,4,3,3,5,1,4,6,1
JyevPW79,2MdbVZXL,cdm****jkAV0,2023-02-11 12:49:06,2023-02-11 12:51:15,129,1,i2AJfe,电商直播影响力研究,117.173.24.130,104.1873070,30.8175290,中国,四川省,成都市,MOBILE,iOS,WeChat,414px*896px,进入直播室-E主播,5,5,5,6,5,2,6,4,3,3,5,5,6,72,61,80,5,4,3,5,2,2,4,1
1kMrPVL9,AM969zd7,cdm****IDyIS,2023-02-10 20:56:35,2023-02-10 21:04:09,454,1,i2AJfe,电商直播影响力研究,112.8.37.207,118.3363903,35.0525874,中国,山东省,临沂市,MOBILE,Android,WeChat,400px*889px,进入直播室-E主播,6,5,5,3,6,1,7,4,5,3,6,5,5,57,65,45,4,3,3,5,1,4,5,1
D37KEveE,yevKd1XM,cdm****ifAIb,2023-02-10 19:17:52,2023-02-10 19:23:15,323,1,i2AJfe,电商直播影响力研究,223.104.35.3,116.5294780,31.7180350,中国,安徽省,六安市,MOBILE,iOS,WeChat,390px*844px,进入直播室-E主播,6,5,5,6,6,1,4,5,2,3,6,5,3,16,25,71,4,4,3,2,1,2,3,0
xpLzvjLE,qM6ZA00M,cdm****7h1py,2023-02-10 18:17:23,2023-02-10 18:25:21,478,1,i2AJfe,电商直播影响力研究,27.200.101.61,117.1238310,36.1890920,中国,山东省,泰安市,MOBILE,Android,WeChat,401px*889px,进入直播室-E主播,6,5,5,6,6,1,7,2,2,3,6,5,6,70,100,90,2,2,3,5,2,3,5,1
0JekPAMz,Ke5ZpXyM,cdm****afxHP,2023-02-09 19:39:47,2023-02-09 19:44:47,300,1,i2AJfe,电商直播影响力研究,120.84.10.42,113.1258988,23.0229910,中国,广东省,佛山市,COMPUTER,Windows,Chrome,1536px*864px,进入直播室-E主播,6,5,5,3,6,1,5,5,5,3,6,5,1,55,81,90,4,5,3,5,1,4,6,1
1kMrVVM9,VMJjyj3M,cdm****nUaEE,2023-02-09 19:07:51,2023-02-09 19:11:45,234,1,i2AJfe,电商直播影响力研究,118.212.203.120,114.9385947,25.8322094,中国,江西省,赣州市,COMPUTER,Windows,Chrome,1280px*720px,进入直播室-E主播,6,5,5,6,6,1,7,3,2,3,6,5,6,62,98,97,4,5,3,5,2,2,3,1
a5LmPK7W,WLGdw0pe,cdm****0IzTz,2023-02-09 18:59:44,2023-02-09 19:03:09,205,1,i2AJfe,电商直播影响力研究,111.14.17.185,115.4691250,35.2401634,中国,山东省,菏泽市,TABLET,iOS,Apple WebKit,375px*667px,进入直播室-E主播,6,5,5,6,6,1,6,6,4,3,6,5,5,60,80,70,4,5,3,5,2,2,1,1
D37KrKME,JekbX8kL,cdm****vevPy,2023-02-09 18:16:02,2023-02-09 18:18:42,160,1,i2AJfe,电商直播影响力研究,116.27.150.229,112.7795980,22.2530130,中国,广东省,江门市,MOBILE,Android,Chrome,360px*803px,进入直播室-E主播,6,5,5,2,6,2,6,4,2,3,5,5,3,18,31,43,4,2,3,5,1,2,5,1
XxebylLD,5LwKnO2L,cdm****XmJcS,2023-02-09 18:15:02,2023-02-09 18:18:42,220,1,i2AJfe,电商直播影响力研究,150.255.124.197,110.3189135,20.0143207,中国,海南省,海口市,COMPUTER,Windows,Chrome,1280px*720px,进入直播室-E主播,6,5,5,6,6,1,7,3,3,3,6,5,2,33,80,70,4,3,3,5,2,2,2,1
Kme3mD7O,aMgbmRwe,cdm****mPm1S,2023-02-08 17:30:00,2023-02-08 17:35:06,306,1,i2AJfe,电商直播影响力研究,223.104.4.48,118.7377507,32.0992691,中国,江苏省,南京市,COMPUTER,Windows,Chrome,1920px*1080px,进入直播室-E主播,6,5,5,6,6,1,7,6,3,3,6,5,6,95,100,92,4,3,3,5,2,2,5,1
1kMr10e9,AM969bk7,cdm****UHMQG,2023-02-11 19:30:24,2023-02-11 19:31:44,80,1,i2AJfe,电商直播影响力研究,112.224.23.120,116.6989540,37.1090260,中国,山东省,德州市,MOBILE,Android,Chrome,360px*748px,进入直播室-E主播,6,5,6,7,6,1,7,5,5,3,6,5,6,86,20,24,6,6,3,5,1,3,6,1
XxebokMD,J7B86one,cdm****YgfPs,2023-02-11 17:27:15,2023-02-11 17:30:05,170,1,i2AJfe,电商直播影响力研究,120.221.100.8,115.9862978,36.4417325,中国,山东省,聊城市,COMPUTER,Windows,Chrome,1536px*864px,进入直播室-E主播,7,5,6,6,7,2,5,3,5,3,7,5,6,77,80,58,5,5,3,5,1,3,6,1
gBMDvkLd,QL0Z5ZjM,cdm****Mv4Kv,2023-02-11 16:36:08,2023-02-11 16:40:10,242,1,i2AJfe,电商直播影响力研究,112.96.106.114,113.6707360,22.9057360,中国,广东省,东莞市,MOBILE,iOS,WeChat,375px*667px,进入直播室-E主播,6,5,6,6,7,2,5,5,6,3,7,5,2,12,19,32,5,6,3,5,1,4,5,1
mWLGjw7z,AM969Dd7,cdm****GzfYm,2023-02-11 16:18:50,2023-02-11 16:21:56,186,1,i2AJfe,电商直播影响力研究,220.249.99.154,114.3615970,30.4728620,中国,湖北省,武汉市,COMPUTER,Windows,Chrome,1366px*768px,进入直播室-E主播,6,5,6,6,6,2,6,4,4,3,6,5,6,89,67,67,5,4,3,5,2,2,3,1
Jz7laqLQ,DMxKRx9e,cdm****PBbvu,2023-02-11 12:02:24,2023-02-11 12:10:11,467,1,i2AJfe,电商直播影响力研究,223.72.55.53,116.3974589,39.9388838,中国,北京市,市辖区,COMPUTER,Windows,Chrome,1920px*1080px,进入直播室-E主播,6,5,6,6,6,1,5,5,6,3,6,5,6,90,95,95,6,6,3,5,1,4,6,1
YKLO5dMk,kM1ZO0O7,cdm****Nd2JV,2023-02-10 12:54:31,2023-02-10 13:00:53,382,1,i2AJfe,电商直播影响力研究,222.181.204.67,108.8353960,29.5790300,中国,重庆市,市辖区,MOBILE,Android,WeChat,400px*867px,进入直播室-E主播,6,5,6,7,6,1,5,3,3,3,6,5,6,70,60,80,7,6,3,5,1,4,5,1
1veEj4MG,veE2Xl6M,cdm****oZabU,2023-02-09 14:56:12,2023-02-09 15:02:00,348,1,i2AJfe,电商直播影响力研究,113.25.111.1,112.7328372,37.7078663,中国,山西省,晋中市,COMPUTER,Windows,Chrome,1536px*864px,进入直播室-E主播,4,5,6,6,5,1,7,2,4,3,4,5,6,84,100,100,6,4,3,1,1,2,5,0
E9LQWvMP,qM6ZA90M,cdm****RwBeM,2023-02-09 10:20:38,2023-02-09 10:24:45,247,1,i2AJfe,电商直播影响力研究,111.181.86.201,114.8955721,30.3801463,中国,湖北省,鄂州市,COMPUTER,Windows,Chrome,1951px*1098px,进入直播室-E主播,6,5,6,6,7,1,7,5,5,3,6,5,6,46,79,98,5,6,3,5,1,4,6,1
nxLVPZMY,J7B869ze,cdm****xzsbz,2023-02-08 21:18:39,2023-02-08 21:24:58,379,1,i2AJfe,电商直播影响力研究,114.102.49.228,118.5118175,31.6853633,中国,安徽省,马鞍山市,COMPUTER,Windows,Chrome,1707px*960px,进入直播室-E主播,6,5,6,6,6,1,5,4,5,3,6,5,6,90,92,100,5,4,3,5,1,3,4,1
Y5M2BkM4,pLzKa40e,张*强,2023-02-08 18:21:25,2023-02-08 18:24:15,170,1,i2AJfe,电商直播影响力研究,112.224.23.75,117.0239850,36.6647610,中国,山东省,济南市,MOBILE,iOS,Apple WebKit,414px*896px,进入直播室-E主播,7,5,6,6,6,1,7,6,5,3,7,5,6,70,100,100,5,5,3,5,1,4,6,1
0ve8QgMp,AM969dv7,cdm****4ITmh,2023-02-08 18:15:20,2023-02-08 18:21:35,375,1,i2AJfe,电商直播影响力研究,111.36.28.120,116.5968167,35.3961037,中国,山东省,济宁市,COMPUTER,Windows,Chrome,1366px*768px,进入直播室-E主播,6,5,6,5,6,1,7,5,5,3,6,5,7,80,100,90,5,5,3,5,2,3,4,1
dqM6YRex,z7lbrm9e,cdm****OOsYw,2023-02-08 17:50:57,2023-02-08 18:00:45,588,1,i2AJfe,电商直播影响力研究,60.223.132.223,111.9948140,37.2067290,中国,山西省,晋中市,COMPUTER,Windows,Chrome,1536px*864px,进入直播室-E主播,6,5,6,6,6,1,7,4,5,3,6,5,6,97,63,70,6,6,3,5,2,2,4,1
0ve8rw7p,WMRlRpxL,cdm****M1wal,2023-02-08 17:52:16,2023-02-08 17:56:37,261,1,i2AJfe,电商直播影响力研究,121.32.181.202,113.3893937,23.1565381,中国,广东省,广州市,COMPUTER,Windows,Chrome,1920px*1080px,进入直播室-E主播,6,5,6,6,6,1,7,5,4,3,6,5,5,75,85,99,5,4,3,5,2,4,6,1
Wo7j2z7w,aMgbmbne,sc***5107,2023-02-08 10:19:31,2023-02-08 10:22:11,160,1,i2AJfe,电商直播影响力研究,36.98.30.87,119.5201580,39.9054620,中国,河北省,秦皇岛市,MOBILE,Android,Chrome,360px*803px,进入直播室-E主播,6,5,6,6,6,1,6,4,5,3,6,5,5,60,70,30,4,4,3,5,1,2,3,1
w5LwA2Ml,4enbkgBe,cdm****HWz5a,2023-02-07 23:03:57,2023-02-07 23:09:10,313,1,i2AJfe,电商直播影响力研究,223.149.115.29,109.9970470,27.0869350,中国,湖南省,怀化市,COMPUTER,Windows,Chrome,1536px*864px,进入直播室-E主播,6,5,6,6,6,1,5,3,5,3,6,5,6,70,90,20,6,5,3,5,1,4,5,1
dqM680Lx,Ke5ZpQOM,cdm****B13yx,2023-02-07 21:02:16,2023-02-07 21:06:02,226,1,i2AJfe,电商直播影响力研究,39.190.182.165,120.7678664,30.7404874,中国,浙江省,嘉兴市,COMPUTER,Windows,Chrome,1536px*864px,进入直播室-E主播,5,5,6,6,5,1,6,4,3,3,5,5,5,90,45,20,5,5,3,5,1,4,5,1
2AM9wrL6,p7Yxv9WM,邓*光,2023-02-07 18:23:19,2023-02-07 18:27:07,228,1,i2AJfe,电商直播影响力研究,14.16.132.221,113.7222610,22.8392380,中国,广东省,东莞市,MOBILE,iOS,Apple WebKit,375px*812px,进入直播室-E主播,6,5,6,6,6,3,3,6,6,3,7,5,6,80,73,90,6,7,3,5,1,4,4,1
E9LQ0Q7P,8MZlJ1jL,cdm****29xv7,2023-02-12 18:23:44,2023-02-12 18:28:04,260,1,i2AJfe,电商直播影响力研究,111.172.240.138,112.1531153,32.0612032,中国,湖北省,襄阳市,COMPUTER,Windows,Chrome,1280px*800px,进入直播室-E主播,6,5,7,6,6,1,7,6,5,3,6,5,7,100,95,95,7,6,3,5,1,3,5,1
K0ey98eQ,9LQlnrQ7,cdm****eoJ5R,2023-02-13 10:06:49,2023-02-13 10:11:55,306,1,i2AJfe,电商直播影响力研究,221.223.78.29,116.3460020,39.9081130,中国,北京市,市辖区,MOBILE,iOS,WeChat,414px*896px,进入直播室-E主播,5,5,3,5,5,2,5,4,2,3,5,5,6,89,85,89,2,5,3,5,2,4,3,1
VnePANMa,J7qK82ge,cdm****9ss6m,2023-02-13 16:50:55,2023-02-13 16:53:17,142,1,i2AJfe,电商直播影响力研究,121.233.213.108,119.4450750,32.4751950,中国,江苏省,扬州市,MOBILE,Android,WeChat,400px*889px,进入直播室-E主播,6,5,4,6,5,1,7,4,3,3,5,5,1,40,80,100,3,4,3,5,2,2,4,1
Wo7jJB7w,ve8m08zM,cdm****GDvBC,2023-02-14 12:08:17,2023-02-14 12:11:10,173,1,i2AJfe,电商直播影响力研究,222.135.108.95,122.0854211,37.5216531,中国,山东省,威海市,COMPUTER,Windows,Chrome,1920px*1080px,进入直播室-E主播,5,5,4,6,5,1,5,4,3,3,5,5,2,12,88,82,4,3,3,5,1,4,4,1
XRMWlE7z,me3bvgoL,cdm****KNb0p,2023-02-14 18:32:27,2023-02-14 18:36:33,246,1,i2AJfe,电商直播影响力研究,36.19.182.119,120.1291910,30.2322270,中国,浙江省,杭州市,MOBILE,iOS,WeChat,428px*926px,进入直播室-E主播,6,5,4,6,6,1,5,6,5,3,6,5,5,60,80,80,4,4,3,5,1,4,4,1
YKLOAxMk,4enbkXme,cdm****aliKg,2023-02-13 10:39:32,2023-02-13 10:42:48,196,1,i2AJfe,电商直播影响力研究,113.66.38.145,113.3893937,23.1565381,中国,广东省,广州市,COMPUTER,Windows,WeChat,1600px*900px,进入直播室-E主播,6,5,5,6,6,2,5,5,6,3,6,5,5,50,70,75,4,5,3,5,2,3,5,1
aBep8AeE,VMJjyW1M,cdm****z5rnE,2023-02-13 10:57:57,2023-02-13 11:03:57,360,1,i2AJfe,电商直播影响力研究,58.57.182.242,115.9798000,36.4625220,中国,山东省,聊城市,MOBILE,Android,Chrome,360px*800px,进入直播室-E主播,6,5,5,3,6,2,5,6,6,3,6,5,4,70,91,97,4,5,3,5,1,6,5,1
mWLGa0Mz,qM6ZAv8M,cdm****kqwYK,2023-02-13 15:39:19,2023-02-13 15:42:14,175,1,i2AJfe,电商直播影响力研究,123.120.99.237,116.3974589,39.9388838,中国,北京市,市辖区,COMPUTER,Windows,Chrome,1280px*720px,进入直播室-E主播,6,5,5,5,5,1,6,3,7,3,6,5,7,78,88,78,4,5,3,5,1,2,3,1
0ve8B07p,leNl2mJ7,cdm****8SbXy,2023-02-13 19:55:25,2023-02-13 20:01:11,346,1,i2AJfe,电商直播影响力研究,116.53.253.147,102.7141750,25.0417057,中国,云南省,昆明市,COMPUTER,Windows,Chrome,1366px*768px,进入直播室-E主播,6,5,5,7,6,1,7,6,5,3,6,5,6,69,74,95,5,3,3,5,1,4,4,1
o4enJ0e1,9LQlnZv7,cdm****cJjsU,2023-02-14 12:00:45,2023-02-14 12:03:10,145,1,i2AJfe,电商直播影响力研究,60.181.140.167,120.6837040,27.9911397,中国,浙江省,温州市,COMPUTER,Windows,Chrome,1920px*1080px,进入直播室-E主播,5,5,5,5,5,2,5,4,4,3,5,5,5,71,69,61,5,5,3,5,2,2,3,1
zJ7qw4e0,5M2ZxWlM,cdm****3Ki2Y,2023-02-13 10:17:11,2023-02-13 10:21:12,241,1,i2AJfe,电商直播影响力研究,115.156.140.97,114.3215364,30.5673932,中国,湖北省,武汉市,MOBILE,Android,Chrome,360px*780px,进入直播室-E主播,6,5,6,6,6,1,6,5,3,3,6,5,5,65,50,53,5,4,3,5,2,3,3,1
gBMDdKMd,aMgbmY5e,cdm****hPVNf,2023-02-13 16:51:24,2023-02-13 16:53:37,133,1,i2AJfe,电商直播影响力研究,218.26.159.71,112.5463272,37.8699291,中国,山西省,太原市,COMPUTER,Windows,WeChat,1536px*864px,进入直播室-E主播,6,5,6,6,6,1,6,5,4,3,5,5,6,50,40,30,6,4,3,5,1,2,2,1
a5Lm4D7W,oe4ZJ2a7,cdm****ZI56R,2023-02-14 19:37:22,2023-02-14 19:40:04,162,1,i2AJfe,电商直播影响力研究,111.226.212.136,116.8497491,38.3109803,中国,河北省,沧州市,COMPUTER,Windows,Chrome,1536px*864px,进入直播室-E主播,6,5,6,7,6,1,7,3,6,3,6,5,7,80,70,70,6,7,3,5,1,2,4,1
dqM63v7x,J7qK8kGe,cdm****6W26F,2023-02-13 06:54:57,2023-02-13 06:58:02,185,1,i2AJfe,电商直播影响力研究,36.61.42.206,117.2772718,31.8710932,中国,安徽省,合肥市,MOBILE,Android,WeChat,360px*800px,进入直播室-E主播,6,5,7,6,6,3,5,5,6,3,6,5,6,82,83,80,6,6,2,5,1,2,5,1
wWMRADe9,oe4ZJD67,cdm****lJDUf,2023-02-13 10:24:56,2023-02-13 10:28:06,190,1,i2AJfe,电商直播影响力研究,221.222.21.63,116.3974589,39.9388838,中国,北京市,市辖区,COMPUTER,Windows,Chrome,1536px*864px,进入直播室-E主播,7,5,7,7,7,1,3,7,7,3,7,5,7,100,92,88,7,7,3,5,2,4,7,1
JyevKQM9,veE2X9AM,cdm****17GOz,2023-02-14 18:21:07,2023-02-14 18:23:09,122,1,i2AJfe,电商直播影响力研究,182.118.238.3,112.4481583,34.6557516,中国,河南省,洛阳市,MOBILE,Android,WeChat,401px*889px,进入直播室-E主播,3,5,7,2,2,1,7,2,2,3,3,5,7,100,51,51,7,2,3,5,1,2,5,1
D37KBPME,0eyKjn87,cdm****ChBLz,2023-02-14 19:01:02,2023-02-14 19:04:42,220,1,i2AJfe,电商直播影响力研究,106.45.187.17,107.3670550,37.7950420,中国,宁夏回族自治区,吴忠市,MOBILE,Android,WeChat,400px*889px,进入直播室-E主播,6,5,7,6,6,3,6,6,5,3,6,5,6,93,88,81,6,4,3,5,2,4,5,1
